"SKU","Title","Quantity","Price","Category","Images","Description","Traits","shipping_price","shipping_type","shipping_carrier","shipping_service","shipping_package","noindex","force_update"
"HOAB500588578","Fashion Kids Baby Girls Strap Cotton Romper Jumpsuit Trousers Summer of Clothes ","83","26.37","Apparel & Accessories >> Clothing >> Baby & Toddler Clothing","https://images.bonanzastatic.com/afu/images/fd6e/758e/cff1_4740974738/-15823163421664094665.jpg https://images.bonanzastatic.com/afu/images/c621/ba53/0401_4740975117/-119279450-1119866913.jpg https://images.bonanzastatic.com/afu/images/5a0f/55c4/3434_4740975408/823085753-1881566422.jpg","     <div><span style='font-family: ""Trebuchet MS""; font-size: 12px;'><b><u>LIMITED TIME PROMOTION</u>!</b></span></div>  <div><span style='font-family: ""Trebuchet MS"";'><b><span style=""font-size: 12px;"">YOU </span><span style=""font-size: 25px;"">BUY</span><span style=""font-size: 12px;""> </span><span style=""font-size: 30px;"">2</span><span style=""font-size: 12px;"">, I'LL </span><span style=""font-size: 25px;"">SHIP</span><span style=""font-size: 12px;""> </span><span style=""font-size: 30px;"">3</span></b></span></div>  <div> </div>  <div> <p style=""box-sizing: content-box; margin: 0px; padding: 0px; border: 0px; font-variant-numeric: inherit; font-stretch: inherit; font-size: 15px; line-height: inherit; font-family: arial; vertical-align: baseline; color: rgb(51, 51, 51); background-color: rgb(255, 248, 246);""><span style=""box-sizing: content-box; font-weight: 700;""><span style=""box-sizing: content-box; margin: 0px; padding: 0px; border: 0px; font-style: inherit; font-variant: inherit; font-weight: inherit; font-stretch: inherit; font-size: 14px; line-height: inherit; font-family: inherit; vertical-align: baseline;""><span style=""box-sizing: content-box; margin: 0px; padding: 0px; border: 0px; font-style: inherit; font-variant: inherit; font-weight: inherit; font-stretch: inherit; font-size: inherit; line-height: inherit; font-family: arial, helvetica, sans-serif; vertical-align: baseline;"">New Fashion Jumpsuit For Little Baby Girls with Side Pockets</span></span></span></p>  <p style=""box-sizing: content-box; margin: 0px; padding: 0px; border: 0px; font-variant-numeric: inherit; font-stretch: inherit; font-size: 15px; line-height: inherit; font-family: arial; vertical-align: baseline; color: rgb(51, 51, 51); background-color: rgb(255, 248, 246);""><span style=""box-sizing: content-box; font-weight: 700;""><span style=""box-sizing: content-box; margin: 0px; padding: 0px; border: 0px; font-style: inherit; font-variant: inherit; font-weight: inherit; font-stretch: inherit; font-size: 14px; line-height: inherit; font-family: inherit; vertical-align: baseline;""><span style=""box-sizing: content-box; margin: 0px; padding: 0px; border: 0px; font-style: inherit; font-variant: inherit; font-weight: inherit; font-stretch: inherit; font-size: inherit; line-height: inherit; font-family: arial, helvetica, sans-serif; vertical-align: baseline;"">Condition: 100% Brand New &amp; High Quality<br style=""box-sizing: content-box;""> Material: Cotton Blend<br style=""box-sizing: content-box;""> Color: Gray<br style=""box-sizing: content-box;""> Sleeve Style: Sleeveless (Spaghetti Strap)<br style=""box-sizing: content-box;""> Neckline: Round Neck<br style=""box-sizing: content-box;""> Occasion: Casual<br style=""box-sizing: content-box;""> Pattern: Solid<br style=""box-sizing: content-box;""> Season: Summer<br style=""box-sizing: content-box;""> Item Includes: <span style=""box-sizing: content-box; margin: 0px; padding: 0px; border: 0px; font-style: inherit; font-variant: inherit; font-weight: inherit; font-stretch: inherit; font-size: inherit; line-height: inherit; font-family: inherit; vertical-align: baseline; color: rgb(0, 0, 255);"">1 X Baby Jumpsuit</span><br style=""box-sizing: content-box;""> <br style=""box-sizing: content-box;""> Size Details: 1 inch = 2.54 cm</span></span></span></p>  <p style=""box-sizing: content-box; margin: 0px; padding: 0px; border: 0px; font-variant-numeric: inherit; font-stretch: inherit; font-size: 15px; line-height: inherit; font-family: arial; vertical-align: baseline; color: rgb(51, 51, 51); background-color: rgb(255, 248, 246);""> </p>  <p style=""box-sizing: content-box; margin: 0px; padding: 0px; border: 0px; font-variant-numeric: inherit; font-stretch: inherit; font-size: 15px; line-height: inherit; font-family: arial; vertical-align: baseline; color: rgb(51, 51, 51); background-color: rgb(255, 248, 246);""><img alt=""aeProduct.getSubject()"" src=""https://ae01.alicdn.com/kf/HTB1TWbWNXXXXXaVapXXq6xXFXXXP/227905570/HTB1TWbWNXXXXXaVapXXq6xXFXXXP.jpg?smt_ispass_287234""></p>  <p> </p>  <p style='margin: 0px 0px 15px; box-sizing: border-box; color: rgb(88, 88, 88); font-family: HelveticaNeue, ""Helvetica Neue"", Helvetica, Arial, sans-serif; font-size: 15px; background-color: rgb(255, 255, 255);'><span style='box-sizing: border-box; color: rgb(0, 0, 0); font-family: ""Helvetica Neue"", Helvetica, Arial, sans-serif;'><strong style=""box-sizing: border-box;"">OUR 5 POINT CUSTOMER PROMISE</strong></span></p>  <p style='margin: 0px 0px 15px; box-sizing: border-box; color: rgb(88, 88, 88); font-family: HelveticaNeue, ""Helvetica Neue"", Helvetica, Arial, sans-serif; font-size: 15px; background-color: rgb(255, 255, 255);'><span style='box-sizing: border-box; color: rgb(0, 0, 0); font-family: ""Helvetica Neue"", Helvetica, Arial, sans-serif;'>1. 30 Day Money Back Guarantee<br style=""box-sizing: border-box;""> 2. Tracking number for every order<br style=""box-sizing: border-box;""> 3. Safe payments via Paypal®<br style=""box-sizing: border-box;""> 4. Real people on our help telephone and internet helpdesks<br style=""box-sizing: border-box;""> 5. Free shipping worldwide</span></p> </div>   <p>TUAN ANH 1</p>","[[Condition:New with tags]] [[Material:100% Cotton]] [[Sleeve Length:Sleeveless]] [[Pattern:Solid]] [[Occasion:Everyday]] [[Brand:lolashopfeb ]] [[Color:Dark Grey]] [[Size:2Y][quantity:10][price:10]] [[Size:3Y][quantity:10][price:10]] [[Size:4Y][quantity:10][price:10]] [[Size:5Y][quantity:10][price:10]] [[Size:6Y][quantity:10][price:10]] ","4.9","flat","usps","International2to3weeks","normal","FALSE","TRUE"
"HOAB499917135","Princess Flower Girl Dress Summer 2017 Wedding Birthday Party Dresses For Girls ","678","49.9","Apparel & Accessories >> Clothing >> Dresses","https://images.bonanzastatic.com/afu/images/6761/77ad/6db5_4726536273/-2956193081821237160.jpg https://images.bonanzastatic.com/afu/images/13d4/ae33/10a6_4726567732/pink1.jpg","     <div><span style='font-family: ""Trebuchet MS""; font-size: 12px;'><b><u>LIMITED TIME PROMOTION</u>!</b></span></div>  <div><span style='font-family: ""Trebuchet MS"";'><b><span style=""font-size: 12px;"">YOU </span><span style=""font-size: 25px;"">BUY</span><span style=""font-size: 12px;""> </span><span style=""font-size: 30px;"">2</span><span style=""font-size: 12px;"">, I'LL </span><span style=""font-size: 25px;"">SHIP</span><span style=""font-size: 12px;""> </span><span style=""font-size: 30px;"">3</span></b></span></div>  <p><img alt=""c5 2-12"" src=""https://ae01.alicdn.com/kf/HTB1dGsHRpXXXXabXFXXq6xXFXXXN.jpg?size=127393&amp;height=451&amp;width=697&amp;hash=8a06eb2f99f03634d05e47baadc1977f""></p>  <p><span style=""box-sizing: content-box; margin: 0px; padding: 0px; border: 0px; font-variant-numeric: inherit; font-stretch: inherit; font-size: 20px; line-height: 24px; font-family: tahoma, arial; vertical-align: baseline; color: rgb(67, 67, 67); background-color: rgb(242, 242, 242);"">Tip:Because of different measuring methods, there may be 1-3 cm error, belongs to the normal</span><span style='color: rgb(255, 0, 0); font-family: ""Open Sans"", Arial, Helvetica, sans-serif, SimSun, ??; font-size: 20px; background-color: rgb(255, 255, 255);'>,please read size information before choose size,thanks.Unit:CM,1cm=0.3937inch</span></p>  <p> </p>  <p style='margin: 0px 0px 15px; box-sizing: border-box; color: rgb(88, 88, 88); font-family: HelveticaNeue, ""Helvetica Neue"", Helvetica, Arial, sans-serif; font-size: 15px; background-color: rgb(255, 255, 255);'><span style='box-sizing: border-box; color: rgb(0, 0, 0); font-family: ""Helvetica Neue"", Helvetica, Arial, sans-serif;'><strong style=""box-sizing: border-box;"">OUR 5 POINT CUSTOMER PROMISE</strong></span></p>  <p style='margin: 0px 0px 15px; box-sizing: border-box; color: rgb(88, 88, 88); font-family: HelveticaNeue, ""Helvetica Neue"", Helvetica, Arial, sans-serif; font-size: 15px; background-color: rgb(255, 255, 255);'><span style='box-sizing: border-box; color: rgb(0, 0, 0); font-family: ""Helvetica Neue"", Helvetica, Arial, sans-serif;'>1. 30 Day Money Back Guarantee<br style=""box-sizing: border-box;""> 2. Tracking number for every order<br style=""box-sizing: border-box;""> 3. Safe payments via Paypal®<br style=""box-sizing: border-box;""> 4. Real people on our help telephone and internet helpdesks<br style=""box-sizing: border-box;""> 5. Free shipping worldwide</span></p>   <p>TUAN ANH 1</p>","[[Condition:New with tags]] [[Color:Pink]] [[Brand:Lolashopfeb ]] [[MPN:Girl Dresses]] [[Size:2T][quantity:10][price:10]] [[Size:3T][quantity:10][price:10]] [[Size:4][quantity:10][price:10]] [[Size:5][quantity:10][price:10]] [[Size:6][quantity:10][price:10]] [[Size:7][quantity:10][price:10]] [[Size:8][quantity:10][price:10]] [[Size:9][quantity:10][price:10]] [[Size:10][quantity:10][price:10]] [[Size:11][quantity:10][price:10]] [[Size:12][quantity:10][price:10]] [[Size:13][quantity:10][price:10]] ","4.9","flat","usps","International2to3weeks","normal","FALSE","TRUE"
"HOAB506254421","100Pcs Colourful Rainbow Rose Flower Seeds Home Garden Plants Multi Colour  ","1113","15.99","Home & Garden >> Lawn & Garden","https://images.bonanzastatic.com/afu/images/41a7/b35f/0692_4823234582/-1512350076-1701099080.jpg","     Limited Time Discount    <p>TUAN ANH 1</p>","[[Condition:New]] [[Brand:Lolashopfeb ]] [[Color:Rainbow]] ","4.9","flat","usps","International2to3weeks","normal","FALSE","TRUE"
"HOAB506249365","12V 1.5W Standard Epoxy Solar Panels Battery Power Charge Mini Solar Cell ","98","16.99","Hardware >> Renewable Energy","https://images.bonanzastatic.com/afu/images/2b9b/5317/48de_4823151645/-16071253781785706908.jpg https://images.bonanzastatic.com/afu/images/7a1f/670a/0441_4823151733/21300235091356698732.jpg https://images.bonanzastatic.com/afu/images/32e6/8049/da26_4823151863/1891832262-1451126331.jpg https://images.bonanzastatic.com/afu/images/0d1a/8475/1894_4823151985/-624300038723529068.jpg https://images.bonanzastatic.com/afu/images/8651/e23f/8a18_4823152158/4057160161187328384.jpg","     Limited Time Discount    <p>TUAN ANH 1</p>","[[Condition:New]] [[Brand:Lolashopfeb ]] ","4.9","flat","usps","International2to3weeks","normal","FALSE","TRUE"
"HOAB504582551","Doll House Miniature Furnitures Wooden House Toys For Children Birthday Gift ","3","40.59","Toys & Games >> Toys >> Dolls, Playsets & Toy Figures >> Dollhouse Accessories","https://images.bonanzastatic.com/afu/images/cc28/009b/f072_4800316167/18791011281581852179.jpg https://images.bonanzastatic.com/afu/images/876c/eeda/5000_4800316290/-14357518091712898528.jpg https://images.bonanzastatic.com/afu/images/4ab6/2a1f/40e3_4800316640/-1082195004-2056711833.jpg https://images.bonanzastatic.com/afu/images/0072/c968/9c8f_4800316980/-928018075-1403070467.jpg https://images.bonanzastatic.com/afu/images/0567/bb30/48a3_4800317353/-1190279684-885021319.jpg https://images.bonanzastatic.com/afu/images/5479/e6a9/c47e_4800317626/-148048015649795631.jpg","     Limited Time Discount    <p>TUAN ANH 1</p>","[[Condition:New]] [[Brand:Lolashopfeb ]] ","4.9","flat","usps","International2to3weeks","normal","FALSE","TRUE"
"HOAB499919233","Princess Flower Girl Dress Summer 2017 Wedding Birthday Party Dresses For Girls ","678","49.9","Apparel & Accessories >> Clothing >> Dresses","https://images.bonanzastatic.com/afu/images/035b/eec9/e8b8_4726555197/1911058327-462508192.jpg https://images.bonanzastatic.com/afu/images/635d/febc/fc0c_4726577422/pickk1.jpg","     <div><span style='font-family: ""Trebuchet MS""; font-size: 12px;'><b><u>LIMITED TIME PROMOTION</u>!</b></span></div>  <div><span style='font-family: ""Trebuchet MS"";'><b><span style=""font-size: 12px;"">YOU </span><span style=""font-size: 25px;"">BUY</span><span style=""font-size: 12px;""> </span><span style=""font-size: 30px;"">2</span><span style=""font-size: 12px;"">, I'LL </span><span style=""font-size: 25px;"">SHIP</span><span style=""font-size: 12px;""> </span><span style=""font-size: 30px;"">3</span></b></span></div>  <p><img alt=""c5 2-12"" src=""https://ae01.alicdn.com/kf/HTB1dGsHRpXXXXabXFXXq6xXFXXXN.jpg?size=127393&amp;height=451&amp;width=697&amp;hash=8a06eb2f99f03634d05e47baadc1977f""></p>  <p><span style=""box-sizing: content-box; margin: 0px; padding: 0px; border: 0px; font-variant-numeric: inherit; font-stretch: inherit; font-size: 20px; line-height: 24px; font-family: tahoma, arial; vertical-align: baseline; color: rgb(67, 67, 67); background-color: rgb(242, 242, 242);"">Tip:Because of different measuring methods, there may be 1-3 cm error, belongs to the normal</span><span style=""color: rgb(255, 0, 0); font-size: 20px; background-color: rgb(255, 255, 255);"">,please read size information before choose size,thanks.Unit:CM,1cm=0.3937inch</span></p>  <p> </p>  <p style='margin: 0px 0px 15px; box-sizing: border-box; color: rgb(88, 88, 88); font-family: HelveticaNeue, ""Helvetica Neue"", Helvetica, Arial, sans-serif; font-size: 15px; background-color: rgb(255, 255, 255);'><span style='box-sizing: border-box; color: rgb(0, 0, 0); font-family: ""Helvetica Neue"", Helvetica, Arial, sans-serif;'><strong style=""box-sizing: border-box;"">OUR 5 POINT CUSTOMER PROMISE</strong></span></p>  <p style='margin: 0px 0px 15px; box-sizing: border-box; color: rgb(88, 88, 88); font-family: HelveticaNeue, ""Helvetica Neue"", Helvetica, Arial, sans-serif; font-size: 15px; background-color: rgb(255, 255, 255);'><span style='box-sizing: border-box; color: rgb(0, 0, 0); font-family: ""Helvetica Neue"", Helvetica, Arial, sans-serif;'>1. 30 Day Money Back Guarantee<br style=""box-sizing: border-box;""> 2. Tracking number for every order<br style=""box-sizing: border-box;""> 3. Safe payments via Paypal®<br style=""box-sizing: border-box;""> 4. Real people on our help telephone and internet helpdesks<br style=""box-sizing: border-box;""> 5. Free shipping worldwide</span></p>   <p>TUAN ANH 1</p>","[[Condition:New with tags]] [[Color:Red]] [[Brand:Lolashopfeb ]] [[MPN:Girl Dress]] [[Size:2T][quantity:10][price:10]] [[Size:3T][quantity:10][price:10]] [[Size:4][quantity:10][price:10]] [[Size:5][quantity:10][price:10]] [[Size:6][quantity:10][price:10]] [[Size:7][quantity:10][price:10]] [[Size:8][quantity:10][price:10]] [[Size:9][quantity:10][price:10]] [[Size:10][quantity:10][price:10]] [[Size:11][quantity:10][price:10]] [[Size:12][quantity:10][price:10]] [[Size:13][quantity:10][price:10]] ","4.9","flat","usps","International2to3weeks","normal","FALSE","TRUE"
"HOAB504580550","Doll House Miniature Furnitures Wooden House Toys For Children Birthday Gift ","11","96","Toys & Games >> Toys >> Dolls, Playsets & Toy Figures >> Dollhouse Accessories","https://images.bonanzastatic.com/afu/images/73d0/660b/f9b6_4800297849/-525189304368037504.jpg https://images.bonanzastatic.com/afu/images/f0d0/a6c2/03d9_4800298516/-21139911761472899865.jpg https://images.bonanzastatic.com/afu/images/d15f/abf4/21e6_4800298856/11183104651367155181.jpg https://images.bonanzastatic.com/afu/images/a78c/48e5/5dc2_4800299070/-8574675521479102296.jpg https://images.bonanzastatic.com/afu/images/318d/4464/44f9_4800299196/1865056659-515715725.jpg https://images.bonanzastatic.com/afu/images/76d8/c790/7e8c_4800299414/-3162610582116126574.jpg","     Limited Time Discount    <p>TUAN ANH 1</p>","[[Condition:New]] [[Brand:Lolashopfeb ]] ","4.9","flat","usps","International2to3weeks","normal","FALSE","TRUE"
"HOAB500753949","12X Optical Zoom Telescope Camera Lens High Clear Mobile Phone Telescope  ","77","29.62","Electronics >> Communications >> Telephony >> Mobile Phone Accessories","https://images.bonanzastatic.com/afu/images/fa9d/a626/fe20_4744195759/-2044972200-2133723302.jpg https://images.bonanzastatic.com/afu/images/c31c/9caa/7ba8_4744196713/1399733111-1004319685.jpg https://images.bonanzastatic.com/afu/images/7ecd/abf7/356e_4744197191/-855975951602162363.jpg https://images.bonanzastatic.com/afu/images/5adc/0638/ce0a_4744197664/-7211345431643359293.jpg https://images.bonanzastatic.com/afu/images/662b/7433/d643_4744198012/1968300514-891642747.jpg","        <p>TUAN ANH 1</p>","[[Condition:New]] [[Brand:Lolashopfeb ]] ","4.9","flat","usps","International2to3weeks","normal","FALSE","TRUE"
"HOAB504032154","24K Full Of Poker Deck of Gold Foil Dollar Style Poker Plastic Playing Cards ","19","21.35","Toys & Games >> Games >> Card Games >> Traditional Playing Cards","https://images.bonanzastatic.com/afu/images/3df9/af13/f3c7_4791846066/18287747311866710238.jpg https://images.bonanzastatic.com/afu/images/3bfb/436f/3916_4791846295/622913721-1056125564.jpg https://images.bonanzastatic.com/afu/images/1974/89ba/c970_4791846622/-844106065-1475331321.jpg https://images.bonanzastatic.com/afu/images/5d8b/8d7a/259e_4791847128/-1080537125-1732377231.jpg https://images.bonanzastatic.com/afu/images/1fe3/d397/7196_4791847873/-978687715-1211656768.jpg https://images.bonanzastatic.com/afu/images/c928/e678/aea1_4791848153/-2069533618-1697011551.jpg","     Limited Time Discount!!!    <p>TUAN ANH 1</p>","[[Condition:New]] [[Material:Foil]] ","4.9","flat","usps","International2to3weeks","normal","FALSE","TRUE"
"HOAB505375982","Multifunctional Ginger Garlic Press Grinding Planer Slicer Gadget  ","33","16.99","Home & Garden >> Kitchen & Dining >> Kitchen Tools & Utensils","https://images.bonanzastatic.com/afu/images/8a81/6d68/ac10_4810947436/-9029069021388403220.jpg https://images.bonanzastatic.com/afu/images/bf2f/daed/8b40_4810947771/491341962137485070.jpg https://images.bonanzastatic.com/afu/images/5bc1/d07e/e53f_4810947925/-1872829391-267303463.jpg https://images.bonanzastatic.com/afu/images/3e40/7ab7/5917_4810948242/-1145791329695028611.jpg","     Limited Time Discount    <p>TUAN ANH 1</p>","[[Condition:New]] [[Brand:Lolashopfeb ]] ","4.9","flat","usps","International2to3weeks","normal","FALSE","TRUE"
"HOAB505096301","Pineapple Watches Quartz - Free Shipping  ","36","15.99","Apparel & Accessories >> Jewelry >> Watches","https://images.bonanzastatic.com/afu/images/9272/6219/a63c_4806806855/432887492-1209162511.jpg https://images.bonanzastatic.com/afu/images/7e09/200c/456c_4806815786/-1692336996-642690647.jpg https://images.bonanzastatic.com/afu/images/f8fd/b818/71a6_4806815978/-4901994192050503250.jpg https://images.bonanzastatic.com/afu/images/3682/c4af/3824_4806816126/-567800564987350049.jpg","     Limited Time Discount!!!    <p>TUAN ANH 1</p>","[[Condition:New with tags]] [[Gender:Unisex]] [[Style:Casual]] [[Strap Material:Leather]] [[Brand:Lolashopfeb ]] [[Colors:View details]] [[Type:Black][quantity:10][price:10]] [[Type:Light Blue][quantity:10][price:10]] [[Type:White][quantity:10][price:10]] [[Type:Yellow][quantity:10][price:10]] ","4.9","flat","usps","International2to3weeks","normal","FALSE","TRUE"
"HOAB506245528","LED Portable Camping Emergency Hiking Outdoor Tent Light Lantern Bulb Night Lamp ","28","15.69","Sporting Goods >> Outdoor Recreation >> Camping, Backpacking & Hiking >> Camping Lights & Lanterns","https://images.bonanzastatic.com/afu/images/a561/663c/1722_4823115134/-956283714-90486120.jpg https://images.bonanzastatic.com/afu/images/ebdf/ed85/b7cc_4823115268/7584276831965268118.jpg https://images.bonanzastatic.com/afu/images/d028/56c7/9ee8_4823115739/-15263118961414895154.jpg https://images.bonanzastatic.com/afu/images/accb/12a0/671f_4823116217/7331637411286785707.jpg https://images.bonanzastatic.com/afu/images/b668/eb34/0455_4823116497/388305771-1820605384.jpg","     Limited Time Discount    <p>TUAN ANH 1</p>","[[Condition:New]] [[Brand:Lolashopfeb ]] [[UPC:3245725221119]] ","4.9","flat","usps","International2to3weeks","normal","FALSE","TRUE"
"HOAB498851937","Rose Gold Queen Ring ","118","17.99","Apparel & Accessories >> Jewelry >> Rings","https://images.bonanzastatic.com/afu/images/9b7c/d1d8/c8ea_4713548987/88247198354904901.jpg https://images.bonanzastatic.com/afu/images/a3b5/4f0e/86fe_4713549458/19854922741330241375.jpg","        <p>TUAN ANH 1</p>","[[Condition:New with tags]] [[Main Stone:Diamond]] [[Metal:Rose Gold]] [[Brand:Lolaahopfeb ]] ","4.9","flat","usps","International2to3weeks","normal","FALSE","TRUE"
"HOAB502651241","2pcs Valgus Bunion Corrector Splint Toes Straightener Protector Pain Relief ","36","19.59","Health & Beauty >> Health Care","https://images.bonanzastatic.com/afu/images/a6f3/bdf1/5d74_4773720892/-862941903-385466137.jpg https://images.bonanzastatic.com/afu/images/eeac/b61b/f640_4773720999/-1466358030394176864.jpg https://images.bonanzastatic.com/afu/images/157a/2ec4/5e5b_4773721284/-1883271335-188866817.jpg https://images.bonanzastatic.com/afu/images/246e/6a2e/ddca_4773721475/1449643166-644897726.jpg https://images.bonanzastatic.com/afu/images/301a/e7ea/a47a_4773721644/936552785-773957045.jpg","        <p>TUAN ANH 1</p>","[[Condition:New]] [[UPC:191388763769]] [[Country/Region of Manufacture:China]] [[Brand:Lolashopfeb ]] ","4.9","flat","usps","International2to3weeks","normal","FALSE","TRUE"
"HOAB506707231","Stainless Steel Automatic Bar Bottle Opener Beer Soda Cap Wine Bottle Opener ","87","19","Home & Garden >> Kitchen & Dining >> Barware","https://images.bonanzastatic.com/afu/images/c190/5a03/72a5_4828680280/1265118440812392982.jpg https://images.bonanzastatic.com/afu/images/74a8/ac51/e9ee_4828680684/-1080095700-1841183747.jpg https://images.bonanzastatic.com/afu/images/48f7/3140/22c2_4828680941/-1588391506-285795730.jpg https://images.bonanzastatic.com/afu/images/502f/074a/1611_4828681179/475293292-1273320891.jpg https://images.bonanzastatic.com/afu/images/e3da/05d5/7d51_4828681544/7739715411822620589.jpg","     Limited Time Discount    <p>TUAN ANH 1</p>","[[Condition:New]] [[Brand:Lolashopfeb ]] ","4.9","flat","usps","International2to3weeks","normal","FALSE","TRUE"
"HOAB506250285","Fishing Wobbler Lure 6 Segment Swimbait Crankbait Hard Bait Slow 10cm 18g ","28","16.99","Sporting Goods >> Outdoor Recreation >> Fishing >> Fishing Lures","https://images.bonanzastatic.com/afu/images/ed0d/04d7/950c_4823168296/2007062722-1292452454.jpg https://images.bonanzastatic.com/afu/images/791e/5029/206f_4823168450/1376426702169408163.jpg https://images.bonanzastatic.com/afu/images/b736/9ba0/1b64_4823168636/-537661049-1535991370.jpg https://images.bonanzastatic.com/afu/images/5402/4206/7880_4823168924/-1894684680-402364882.jpg","     Limited Time Discount    <p>TUAN ANH 1</p>","[[Condition:New]] [[Brand:Lolashopfeb ]] ","4.9","flat","usps","International2to3weeks","normal","FALSE","TRUE"
"HOAB553798492","Gaming Console With Retro Games (LIMITED EDITION) ","7","49.9","Software >> Video Game Software","https://images.bonanzastatic.com/afu/images/1aaf/8158/0ead_5490216063/20-08-21-__57.jpg https://images.bonanzastatic.com/afu/images/b337/61ff/7a9e_5490216198/20-08-27-__57.jpg https://images.bonanzastatic.com/afu/images/9311/a6e3/9e1a_5490216427/20-09-03-__57.jpg https://images.bonanzastatic.com/afu/images/3a36/ed1d/4769_5490216684/20-08-36-__57.jpg https://images.bonanzastatic.com/afu/images/4749/b28b/e827_5490216930/20-08-55-__57.jpg","     Limited Time Discount!      <p>TUAN ANH 1</p>","[[Condition:Brand New]] [[Player Count:1-2 Players]] [[Region Code:Region Free]] [[Country/Region of Manufacture:China]] [[Brand:Lolashopfeb ]] [[Genre:Retro]] ","4.9","flat","usps","International2to3weeks","normal","FALSE","TRUE"
"HOAB552217723","New Pick Up Helping Hand Grabber Long Reach Arm Extension Tool Trash Mobility ","8","20.99","Health & Beauty >> Health Care >> Mobility & Accessibility","https://images.bonanzastatic.com/afu/images/5761/f012/1daa_5469035694/630076767886666306.jpg","     Limited Time Discount!   YOU BUY 2 I'LL SHIP 3   <p>TUAN ANH 1</p>","[[Condition:New]] [[Country/Region of Manufacture:China]] [[Brand:Lolashopfeb ]] ","4.9","flat","usps","International2to3weeks","normal","FALSE","TRUE"
"HOAB552224538","Ear Wax Cleaner Removal Easy Swab Earwax Remover Spiral Soft Safe Earpick Tool ","28","16.99","Health & Beauty","https://images.bonanzastatic.com/afu/images/8bd3/6855/d765_5469187166/-11371332745850329.jpg https://images.bonanzastatic.com/afu/images/abf9/3834/8213_5469187404/-1065302860654349292.jpg https://images.bonanzastatic.com/afu/images/70d1/85bd/3a0f_5469188154/1548525598-1816045462.jpg https://images.bonanzastatic.com/afu/images/8c5c/019f/759f_5469188659/8645247391645650743.jpg","     Limited Time Discount!    <p>TUAN ANH 1</p>","[[Condition:New]] [[Country/Region of Manufacture:China]] [[Brand:Lolashopfeb ]] [[Type:Ear Wax Remover]] ","4.9","flat","usps","International2to3weeks","normal","FALSE","TRUE"
